TRUNCATE TABLE "Champion"RESTART IDENTITY CASCADE;
TRUNCATE TABLE "role" RESTART IDENTITY CASCADE;
TRUNCATE TABLE "user" RESTART IDENTITY CASCADE;
TRUNCATE TABLE "Owner" RESTART IDENTITY CASCADE;
TRUNCATE TABLE "Account" RESTART IDENTITY CASCADE;
TRUNCATE TABLE "Position" RESTART IDENTITY CASCADE;
TRUNCATE TABLE "TwitterHashtag" RESTART IDENTITY CASCADE;

INSERT INTO "role" ("role_name")
VALUES('ROLE_ADMIN'),('ROLE_USER');

INSERT INTO "Owner"(name)
VALUES ('testuno'),('testdos'),('kusara'),('stul'),('vantiax'),('darkclaw'),('raino') ;

INSERT INTO "Position"("namePosition")
VALUES ('TOP'),('JUNGLE'),('MIDDLE'),('BOTTOM'),('UTILITY');

INSERT INTO "Account"( id, puuid, accountid, "revisionDate", owner, name)
VALUES
('testuno', 'testuno', 'testuno', 123456, 1, 'testuno'),
('testdos', 'testdos', 'testdos', 123457, 2, 'testdos'),
('testtres', 'testtres', 'testtres', 123457, 2, 'testtres'),
('4ErJjwg277eqtqEvfGvWDbI55AWp17i4sht2-kE0HcyI', 'MjygnglTQG0K4d8QcJwzmSSJH6LoQm98qTcLWPdM2cdpfGcQ_hkaRa6GaeBt_eI7cTjiIw73V100hQ', '-PaLZJ-JLOxerIHarHudYk6oVnSzyn_Z0BuwLRsnTfeVBZI', 1653710233000, 6, 'darkclaw'),
('XpcDzpkE0Mf06IldO0at2WYY1FoIw4rX_oXn6Pud7Z_1dw', '1IM08E2YyhZY6Vayt7xsiW2qJs_K7o5A_rakX_PQdVFZNlasLvzHsgiKJYnglH8kFcQi_c8KX_sGAw', 'iYGJNSvh7AIyDcKljrHeIKQc88zcz6vgGyshOtKDDWZeEdI', 1653795157000, 5, 'darkclawcarreame'),
('zH0AxXrD73XmRRtTDGs88zi5Pu1GrqdPH4C1KpDhD4JG', 'P5_zou7DF_8I1tI_JMD9VgAggza5ck58Zdo6BSjurrQOXcfHJ5iw3xx7yV1gFRsoZnSaB2-z9A7hbQ', 'pDo15bEAf_xqtalV9ANs02OeTiLIkc-tVfpKMF0-8yAlnX4', 1653943840000, 3, 'darkclawgankeame'),
('3Dh4F4M5e949PblrZHLqDlbRQXEsE8I_ncO-D8UFRA8', 'vkzwgZ94XsaGmLQ1ZWZPzhvW-WKoV6v5QxP8j8btk0NKGO03JERpNDLzbGZVd4kff7V33coSGLszOA', 'SBLacca8YlmVWSVXgeK7o_nkMAJldFtUT_K4LabepF_sC6I', 1653789404000, 4, 'darkclawrobacs'),
('6DypMF39nSEhctucPEJWAA7eETgD_6ScNnIr8w2J9fra', 'wOCtKZYnVCW_hfBw3u1avNi27U3LHR5nIpguqOxg4doEwxFvW9c-3tfpkp74-E79HN0O3Qi3w-Z86g', '26CWV5UEA1aHvZ2OPyz1YZAMZD6b70Gi_3vtaWqxR0g7qYA', 1653522247000, 7, 'darkclawnogankea');

INSERT INTO "Champion" ("ChampionId", "ChampionName")
VALUES
(266,'Aatrox'),
(103,'Ahri'),
(84,'Akali'),
(166,'Akshan'),
(12,'Alistar'),
(32,'Amumu'),
(34,'Anivia'),
(1,'Annie'),
(523,'Aphelios'),
(22,'Ashe'),
(136,'AurelionSol'),
(268,'Azir'),
(432,'Bard'),
(53,'Blitzcrank'),
(63,'Brand'),
(201,'Braum'),
(51,'Caitlyn'),
(164,'Camille'),
(69,'Cassiopeia'),
(31,'ChoGath'),
(42,'Corki'),
(122,'Darius'),
(131,'Diana'),
(119,'Draven'),
(36,'Dr.Mundo'),
(245,'Ekko'),
(60,'Elise'),
(28,'Evelynn'),
(81,'Ezreal'),
(9,'Fiddlesticks'),
(114,'Fiora'),
(105,'Fizz'),
(3,'Galio'),
(41,'Gangplank'),
(86,'Garen'),
(150,'Gnar'),
(79,'Gragas'),
(104,'Graves'),
(887,'Gwen'),
(120,'Hecarim'),
(74,'Heimerdinger'),
(420,'Illaoi'),
(39,'Irelia'),
(427,'Ivern'),
(40,'Janna'),
(59,'JarvanIV'),
(24,'Jax'),
(126,'Jayce'),
(202,'Jhin'),
(222,'Jinx'),
(145,'KaiSa'),
(429,'Kalista'),
(43,'Karma'),
(30,'Karthus'),
(38,'Kassadin'),
(55,'Katarina'),
(10,'Kayle'),
(141,'Kayn'),
(85,'Kennen'),
(121,'KhaZix'),
(203,'Kindred'),
(240,'Kled'),
(96,'KogMaw'),
(7,'LeBlanc'),
(64,'LeeSin'),
(89,'Leona'),
(876,'Lillia'),
(127,'Lissandra'),
(236,'Lucian'),
(117,'Lulu'),
(99,'Lux'),
(54,'Malphite'),
(90,'Malzahar'),
(57,'Maokai'),
(11,'MasterYi'),
(21,'MissFortune'),
(62,'Wukong'),
(82,'Mordekaiser'),
(25,'Morgana'),
(267,'Nami'),
(75,'Nasus'),
(111,'Nautilus'),
(518,'Neeko'),
(76,'Nidalee'),
(56,'Nocturne'),
(20,'Nunu&Willump'),
(2,'Olaf'),
(61,'Orianna'),
(516,'Ornn'),
(80,'Pantheon'),
(78,'Poppy'),
(555,'Pyke'),
(246,'Qiyana'),
(133,'Quinn'),
(497,'Rakan'),
(33,'Rammus'),
(421,'RekSai'),
(526,'Rell'),
(888,'RenataGlasc'),
(58,'Renekton'),
(107,'Rengar'),
(92,'Riven'),
(68,'Rumble'),
(13,'Ryze'),
(360,'Samira'),
(113,'Sejuani'),
(235,'Senna'),
(147,'Seraphine'),
(875,'Sett'),
(35,'Shaco'),
(98,'Shen'),
(102,'Shyvana'),
(27,'Singed'),
(14,'Sion'),
(15,'Sivir'),
(72,'Skarner'),
(37,'Sona'),
(16,'Soraka'),
(50,'Swain'),
(517,'Sylas'),
(134,'Syndra'),
(223,'TahmKench'),
(163,'Taliyah'),
(91,'Talon'),
(44,'Taric'),
(17,'Teemo'),
(412,'Thresh'),
(18,'Tristana'),
(48,'Trundle'),
(23,'Tryndamere'),
(4,'TwistedFate'),
(29,'Twitch'),
(77,'Udyr'),
(6,'Urgot'),
(110,'Varus'),
(67,'Vayne'),
(45,'Veigar'),
(161,'VelKoz'),
(711,'Vex'),
(254,'Vi'),
(234,'Viego'),
(112,'Viktor'),
(8,'Vladimir'),
(106,'Volibear'),
(19,'Warwick'),
(498,'Xayah'),
(101,'Xerath'),
(5,'XinZhao'),
(157,'Yasuo'),
(777,'Yone'),
(83,'Yorick'),
(350,'Yuumi'),
(154,'Zac'),
(238,'Zed'),
(221,'Zeri'),
(115,'Ziggs'),
(26,'Zilean'),
(142,'Zoe'),
(143,'Zyra');

INSERT INTO "TwitterHashtag"("hashtagName")
VALUES
('#RiotGames'),
('#RitoGames'),
('#Valorant'),
('#LeagueOfLegends');

INSERT INTO "LeagueHistory"(date, leagueid, "queueType", tier, rank, "leaguePoints", "Elo", account, owner)
VALUES
 ('2022-05-30 23:40:48.415-05', '0dd1f851-ebf1-4ba2-b84d-3db01546928d', 'RANKED_SOLO_5x5', 'DIAMOND', 'IV', 48, 6148, 4, 6),
 ('2022-05-30 23:42:02.185-05', '0dd1f851-ebf1-4ba2-b84d-3db01546928d', 'RANKED_SOLO_5x5', 'DIAMOND', 'IV', 48, 6148, 4, 6),
 ('2022-05-30 23:42:04.635-05', '0dd1f851-ebf1-4ba2-b84d-3db01546928d', 'RANKED_SOLO_5x5', 'DIAMOND', 'IV', 48, 6148, 4, 6),
 ('2022-05-30 23:42:06.367-05', '0dd1f851-ebf1-4ba2-b84d-3db01546928d', 'RANKED_SOLO_5x5', 'DIAMOND', 'IV', 48, 6148, 4, 6),
 ('2022-05-30 23:42:07.882-05', '0dd1f851-ebf1-4ba2-b84d-3db01546928d', 'RANKED_SOLO_5x5', 'DIAMOND', 'IV', 48, 6148, 4, 6),
 ('2022-05-30 23:47:23.164-05', 'a2e93031-cf37-4b92-ae32-23b348340525', 'RANKED_SOLO_5x5', 'PLATINUM', 'I', 31, 5431, 8, 7),
 ('2022-05-30 23:48:38.612-05', 'a2e93031-cf37-4b92-ae32-23b348340525', 'RANKED_SOLO_5x5', 'PLATINUM', 'I', 31, 5431, 8, 7),
 ('2022-05-30 23:48:39.93-05', 'a2e93031-cf37-4b92-ae32-23b348340525', 'RANKED_SOLO_5x5', 'PLATINUM', 'I', 31, 5431, 8, 7),
 ('2022-05-30 23:48:41.432-05', 'a2e93031-cf37-4b92-ae32-23b348340525', 'RANKED_SOLO_5x5', 'PLATINUM', 'I', 31, 5431, 8, 7),
 ('2022-05-30 23:49:31.918-05', '6e236bc7-84ef-40a9-bd1d-1e2598af3c82', 'RANKED_SOLO_5x5', 'PLATINUM', 'III', 75, 5275, 7, 4),
 ('2022-05-30 23:53:01.839-05', '6e236bc7-84ef-40a9-bd1d-1e2598af3c82', 'RANKED_SOLO_5x5', 'PLATINUM', 'III', 75, 5275, 7, 4),
 ('2022-05-30 23:53:02.893-05', '6e236bc7-84ef-40a9-bd1d-1e2598af3c82', 'RANKED_SOLO_5x5', 'PLATINUM', 'III', 75, 5275, 7, 4),
 ('2022-05-30 23:53:04.089-05', '6e236bc7-84ef-40a9-bd1d-1e2598af3c82', 'RANKED_SOLO_5x5', 'PLATINUM', 'III', 75, 5275, 7, 4),
 ('2022-05-30 23:53:05.329-05', '6e236bc7-84ef-40a9-bd1d-1e2598af3c82', 'RANKED_SOLO_5x5', 'PLATINUM', 'III', 75, 5275, 7, 4),
 ('2022-05-30 23:53:06.394-05', '6e236bc7-84ef-40a9-bd1d-1e2598af3c82', 'RANKED_SOLO_5x5', 'PLATINUM', 'III', 75, 5275, 7, 4),
 ('2022-05-30 23:53:07.523-05', '6e236bc7-84ef-40a9-bd1d-1e2598af3c82', 'RANKED_SOLO_5x5', 'PLATINUM', 'III', 75, 5275, 7, 4),
 ('2022-05-30 23:54:49.56-05', '0dd1f851-ebf1-4ba2-b84d-3db01546928d', 'RANKED_SOLO_5x5', 'DIAMOND', 'IV', 91, 6191, 5, 5),
 ('2022-05-30 23:55:55.133-05', '0dd1f851-ebf1-4ba2-b84d-3db01546928d', 'RANKED_SOLO_5x5', 'DIAMOND', 'IV', 91, 6191, 5, 5),
 ('2022-05-30 23:57:13.182-05', '3ac88a2f-3ceb-41b7-b30a-ad394b27549b', 'RANKED_SOLO_5x5', 'DIAMOND', 'IV', 69, 6169, 6, 3),
 ('2022-05-30 23:58:19.336-05', '3ac88a2f-3ceb-41b7-b30a-ad394b27549b', 'RANKED_SOLO_5x5', 'DIAMOND', 'IV', 69, 6169, 6, 3),
 ('2022-05-30 23:58:20.916-05', '3ac88a2f-3ceb-41b7-b30a-ad394b27549b', 'RANKED_SOLO_5x5', 'DIAMOND', 'IV', 69, 6169, 6, 3),
 ('2022-05-30 23:58:23.021-05', '3ac88a2f-3ceb-41b7-b30a-ad394b27549b', 'RANKED_SOLO_5x5', 'DIAMOND', 'IV', 69, 6169, 6, 3),
 ('2022-05-30 23:58:24.671-05', '3ac88a2f-3ceb-41b7-b30a-ad394b27549b', 'RANKED_SOLO_5x5', 'DIAMOND', 'IV', 69, 6169, 6, 3),
 ('2022-05-30 23:58:26.101-05', '3ac88a2f-3ceb-41b7-b30a-ad394b27549b', 'RANKED_SOLO_5x5', 'DIAMOND', 'IV', 69, 6169, 6, 3),
 ('2022-05-30 23:58:27.659-05', '3ac88a2f-3ceb-41b7-b30a-ad394b27549b', 'RANKED_SOLO_5x5', 'DIAMOND', 'IV', 69, 6169, 6, 3),
 ('2022-05-30 23:58:29.073-05', '3ac88a2f-3ceb-41b7-b30a-ad394b27549b', 'RANKED_SOLO_5x5', 'DIAMOND', 'IV', 69, 6169, 6, 3),
 ('2022-05-30 23:58:30.642-05', '3ac88a2f-3ceb-41b7-b30a-ad394b27549b', 'RANKED_SOLO_5x5', 'DIAMOND', 'IV', 69, 6169, 6, 3);

 INSERT INTO "MasteryHistory"(champion, "championPoints", "championLevel", date, account)
 VALUES
 (28, 433931, 7, '2022-05-31 00:07:26.674-05', 4),
 (28, 633931, 7, '2022-05-31 00:07:58.801-05', 4),
 (107, 404278, 7, '2022-05-31 00:08:22.45-05', 4),
 (163, 46293, 6, '2022-05-31 00:09:03.508-05', 4),
 (91, 146606, 7, '2022-05-31 00:09:18.468-05', 4),
 (56, 471179, 7, '2022-05-31 00:09:24.433-05', 4),
 (89, 43866, 6, '2022-05-31 00:14:28.274-05', 8),
 (111, 79017, 7, '2022-05-31 00:17:01.495-05', 8),
 (111, 89017, 7, '2022-05-31 00:17:06.388-05', 8),
 (497, 83822, 7, '2022-05-31 00:17:17.249-05', 8),
 (888, 645, 1, '2022-05-31 00:17:30.2-05', 8),
 (267, 9174, 3, '2022-05-31 00:17:38.56-05', 8),
 (81, 480081, 7, '2022-05-31 00:21:39.827-05', 7),
 (81, 580081, 7, '2022-05-31 00:21:42.771-05', 7),
 (67, 126807, 7, '2022-05-31 00:21:48.005-05', 7),
 (236, 380596, 7, '2022-05-31 00:21:52.535-05', 7),
 (202, 235572, 7, '2022-05-31 00:22:04.345-05', 7),
 (498, 148093, 7, '2022-05-31 00:22:31.384-05', 7),
 (112, 321272, 7, '2022-05-31 00:22:31.384-05', 5),
 (112, 421272, 7, '2022-05-31 00:25:10.208-05', 5),
 (8, 501442, 7, '2022-05-31 00:25:14.949-05', 5),
 (38, 293747, 7, '2022-05-31 00:25:22.102-05', 5),
 (134, 181404, 7, '2022-05-31 00:25:27.74-05', 5),
 (711, 10557, 3, '2022-05-31 00:25:31.999-05', 5),
 (157, 409309, 7, '2022-05-31 00:27:31.402-05', 6),
 (157, 809309, 7, '2022-05-31 00:27:39.587-05', 6),
 (14, 19524, 4, '2022-05-31 00:27:45.169-05', 6),
 (126, 64136, 7, '2022-05-31 00:27:49.782-05', 6),
 (236, 110144, 7, '2022-05-31 00:28:04.323-05', 6),
 (64, 161657, 7, '2022-05-31 00:28:22.75-05', 6);

INSERT INTO "MatchHistory"(account, "position", champion, "championPoints", win)
VALUES
(6, 4, 21, 50677, false),
(6, 1, 126, 64136, false),
(6, 1, 236, 110144, true),
(6, 1, 429, 31602, false),
(6, 1, 518, 8064, false),
(6, 1, 236, 110144, true),
(6, 1, 62, 32017, false),
(6, 1, 62, 32017, true),
(6, 1, 41, 97078, true),
(6, 1, 887, 18841, true),
(8, 5, 497, 83822, false),
(8, 4, 223, 3263, true),
(8, 5, 12, 5116, false),
(8, 5, 111, 89017, false),
(8, 5, 89, 43866, true),
(8, 4, 39, 634268, false),
(8, 5, 111, 89017, true),
(8, 4, 62, 38400, true),
(8, 5, 89, 43866, true),
(8, 5, 111, 89017, false),
(7, 4, 498, 148093, false),
(7, 5, 235, 34526, true),
(7, 4, 236, 380596, false),
(7, 4, 81, 580081, false),
(7, 4, 202, 235572, true),
(7, 5, 235, 34526, false),
(7, 4, 429, 63168, true),
(7, 5, 235, 34526, true),
(7, 4, 236, 380596, true),
(7, 4, 81, 580081, false),
(4, 2, 5, 241055, false),
(4, 2, 28, 633931, true),
(4, 2, 107, 404278, false),
(4, 2, 78, 8037, false),
(4, 2, 56, 471179, true),
(4, 2, 876, 139846, false),
(4, 2, 48, 122799, true),
(4, 2, 107, 404278, true),
(4, 2, 56, 471179, true),
(4, 2, 876, 139846, false),
(5, 3, 711, 241055, false),
(5, 3, 62, 633931, true),
(5, 3, 134, 404278, false),
(5, 3, 7, 8037, false),
(5, 3, 518, 471179, true),
(5, 3, 236, 139846, false),
(5, 3, 134, 122799, true),
(5, 3, 711, 404278, true),
(5, 3, 517, 471179, true),
(5, 3, 777, 139846, false);